{
	"1": {
		"fileref": "",
		"size": 51752,
		"filename": "img1.jpg",
		"base64_img_data": "",
		"file_attributes": {},
		"regions": {
			"0": {
				"shape_attributes": {
					"name": "polygon",
					"all_points_x": [624, 617, 614, 617, 630, 636, 641, 644, 643, 633, 624],
					"all_points_y": [500, 488, 466, 460, 456, 459, 470, 490, 499, 505, 500]
				},
				"region_attributes": {}
			},
			"1": {
				"shape_attributes": {
					"name": "polygon",
					"all_points_x": [697, 696, 703, 705, 712, 716, 712, 704, 697],
					"all_points_y": [551, 535, 529, 525, 525, 542, 554, 557, 551]
				},
				"region_attributes": {}
			},
			"2": {
				"shape_attributes": {
					"name": "polygon",
					"all_points_x": [731, 735, 749, 744, 731],
					"all_points_y": [575, 565, 573, 583, 575]
				},
				"region_attributes": {}
			},
			"3": {
				"shape_attributes": {
					"name": "polygon",
					"all_points_x": [757, 761, 765, 757],
					"all_points_y": [571, 567, 575, 571]
				},
				"region_attributes": {}
			},
			"4": {
				"shape_attributes": {
					"name": "polygon",
					"all_points_x": [779, 772, 774, 781, 779],
					"all_points_y": [579, 573, 571, 576, 579]
				},
				"region_attributes": {}
			},
			"5": {
				"shape_attributes": {
					"name": "polygon",
					"all_points_x": [764, 767, 775, 777, 776, 770, 764],
					"all_points_y": [556, 551, 552, 556, 561, 562, 556]
				},
				"region_attributes": {}
			},
			"6": {
				"shape_attributes": {
					"name": "polygon",
					"all_points_x": [768, 769, 773, 772, 768],
					"all_points_y": [499, 505, 504, 499, 499]
				},
				"region_attributes": {}
			},
			"7": {
				"shape_attributes": {
					"name": "polygon",
					"all_points_x": [765, 765, 769, 774, 779, 784, 781, 776, 773, 765],
					"all_points_y": [513, 518, 521, 526, 521, 520, 509, 506, 510, 513]
				},
				"region_attributes": {}
			},
			"8": {
				"shape_attributes": {
					"name": "polygon",
					"all_points_x": [782, 782, 786, 789, 788, 782],
					"all_points_y": [526, 532, 535, 532, 526, 526]
				},
				"region_attributes": {}
			},
			"9": {
				"shape_attributes": {
					"name": "polygon",
					"all_points_x": [791, 792, 790, 787, 787, 791],
					"all_points_y": [539, 548, 548, 545, 539, 539]
				},
				"region_attributes": {}
			},
			"10": {
				"shape_attributes": {
					"name": "polygon",
					"all_points_x": [816, 818, 820, 818, 816],
					"all_points_y": [559, 556, 559, 560, 559]
				},
				"region_attributes": {}
			},
			"11": {
				"shape_attributes": {
					"name": "polygon",
					"all_points_x": [680, 680, 684, 685, 680],
					"all_points_y": [648, 644, 644, 648, 648]
				},
				"region_attributes": {}
			},
			"12": {
				"shape_attributes": {
					"name": "polygon",
					"all_points_x": [884, 888, 887, 882, 884],
					"all_points_y": [739, 735, 730, 733, 739]
				},
				"region_attributes": {}
			},
			"13": {
				"shape_attributes": {
					"name": "polygon",
					"all_points_x": [858, 857, 859, 860, 872, 878, 886, 892, 892, 889, 881, 867, 864, 861, 858],
					"all_points_y": [399, 392, 389, 377, 375, 368, 370, 376, 383, 391, 395, 396, 400, 401, 399]
				},
				"region_attributes": {}
			},
			"14": {
				"shape_attributes": {
					"name": "polygon",
					"all_points_x": [875, 886, 896, 896, 890, 882, 875, 875],
					"all_points_y": [431, 424, 433, 437, 442, 439, 435, 431]
				},
				"region_attributes": {}
			},
			"15": {
				"shape_attributes": {
					"name": "polygon",
					"all_points_x": [821, 821, 819, 820, 823, 827, 832, 832, 831, 829, 828, 821],
					"all_points_y": [481, 471, 463, 453, 452, 453, 461, 464, 472, 475, 480, 481]
				},
				"region_attributes": {}
			},
			"16": {
				"shape_attributes": {
					"name": "polygon",
					"all_points_x": [828, 828, 832, 834, 836, 837, 838, 839, 837, 831, 828],
					"all_points_y": [486, 477, 473, 475, 476, 481, 486, 488, 489, 489, 486]
				},
				"region_attributes": {}
			},
			"17": {
				"shape_attributes": {
					"name": "polygon",
					"all_points_x": [854, 845, 844, 848, 852, 854],
					"all_points_y": [446, 444, 436, 434, 438, 446]
				},
				"region_attributes": {}
			},
			"18": {
				"shape_attributes": {
					"name": "polygon",
					"all_points_x": [855, 860, 864, 860, 855],
					"all_points_y": [452, 448, 452, 456, 452]
				},
				"region_attributes": {}
			},
			"19": {
				"shape_attributes": {
					"name": "polygon",
					"all_points_x": [873, 873, 881, 881, 876, 873],
					"all_points_y": [471, 464, 464, 471, 474, 471]
				},
				"region_attributes": {}
			},
			"20": {
				"shape_attributes": {
					"name": "polygon",
					"all_points_x": [892, 899, 900, 903, 903, 904, 901, 897, 895, 892, 892],
					"all_points_y": [463, 463, 467, 469, 471, 474, 478, 478, 475, 473, 463]
				},
				"region_attributes": {}
			},
			"21": {
				"shape_attributes": {
					"name": "polygon",
					"all_points_x": [894, 889, 889, 891, 895, 898, 900, 901, 903, 904, 901, 897, 894, 894],
					"all_points_y": [455, 452, 447, 444, 440, 443, 446, 450, 454, 459, 460, 461, 459, 455]
				},
				"region_attributes": {}
			},
			"22": {
				"shape_attributes": {
					"name": "polygon",
					"all_points_x": [953, 960, 962, 965, 968, 968, 963, 953, 953],
					"all_points_y": [616, 616, 623, 633, 639, 652, 652, 640, 616]
				},
				"region_attributes": {}
			},
			"23": {
				"shape_attributes": {
					"name": "polygon",
					"all_points_x": [975, 981, 983, 978, 975, 975],
					"all_points_y": [608, 608, 616, 620, 619, 607]
				},
				"region_attributes": {}
			},
			"24": {
				"shape_attributes": {
					"name": "polygon",
					"all_points_x": [960, 964, 967, 967, 962, 958, 957, 960],
					"all_points_y": [610, 609, 605, 601, 599, 602, 606, 610]
				},
				"region_attributes": {}
			},
			"25": {
				"shape_attributes": {
					"name": "polygon",
					"all_points_x": [955, 956, 960, 964, 965, 964, 959, 956, 955],
					"all_points_y": [591, 588, 585, 586, 591, 595, 597, 595, 591]
				},
				"region_attributes": {}
			},
			"26": {
				"shape_attributes": {
					"name": "polygon",
					"all_points_x": [920, 920, 924, 924, 920],
					"all_points_y": [592, 586, 586, 592, 592]
				},
				"region_attributes": {}
			},
			"27": {
				"shape_attributes": {
					"name": "polygon",
					"all_points_x": [836, 836, 841, 845, 843, 839, 836],
					"all_points_y": [538, 530, 529, 536, 539, 539, 538]
				},
				"region_attributes": {}
			},
			"28": {
				"shape_attributes": {
					"name": "polygon",
					"all_points_x": [854, 854, 856, 864, 865, 862, 856, 854],
					"all_points_y": [536, 531, 528, 528, 535, 539, 538, 836]
				},
				"region_attributes": {}
			},
			"29": {
				"shape_attributes": {
					"name": "polygon",
					"all_points_x": [864, 864, 869, 869, 867, 865, 864],
					"all_points_y": [528, 524, 523, 531, 535, 535, 828]
				},
				"region_attributes": {}
			},
			"30": {
				"shape_attributes": {
					"name": "polygon",
					"all_points_x": [867, 869, 873, 874, 869, 867],
					"all_points_y": [535, 532, 532, 536, 537, 835]
				},
				"region_attributes": {}
			},
			"31": {
				"shape_attributes": {
					"name": "polygon",
					"all_points_x": [869, 879, 879, 871, 869, 869],
					"all_points_y": [537, 537, 544, 544, 542, 537]
				},
				"region_attributes": {}
			},
			"32": {
				"shape_attributes": {
					"name": "polygon",
					"all_points_x": [828, 828, 831, 835, 832, 831, 828],
					"all_points_y": [535, 530, 525, 530, 535, 536, 535]
				},
				"region_attributes": {}
			},
			"33": {
				"shape_attributes": {
					"name": "polygon",
					"all_points_x": [813, 815, 822, 822, 823, 816, 813],
					"all_points_y": [520, 512, 512, 517, 523, 523, 520]
				},
				"region_attributes": {}
			},
			"34": {
				"shape_attributes": {
					"name": "polygon",
					"all_points_x": [822, 823, 830, 831, 840, 842, 842, 840, 839, 834, 829, 828, 823, 822],
					"all_points_y": [511, 507, 508, 510, 510, 514, 519, 520, 525, 526, 524, 520, 520, 811]
				},
				"region_attributes": {}
			},
			"35": {
				"shape_attributes": {
					"name": "polygon",
					"all_points_x": [853, 852, 863, 864, 865, 860, 853],
					"all_points_y": [516, 511, 507, 510, 516, 517, 516]
				},
				"region_attributes": {}
			},
			"36": {
				"shape_attributes": {
					"name": "polygon",
					"all_points_x": [864, 866, 870, 871, 876, 875, 865, 864],
					"all_points_y": [509, 502, 502, 508, 509, 512, 512, 509]
				},
				"region_attributes": {}
			},
			"37": {
				"shape_attributes": {
					"name": "polygon",
					"all_points_x": [879, 880, 884, 884, 879],
					"all_points_y": [504, 497, 497, 504, 504]
				},
				"region_attributes": {}
			},
			"38": {
				"shape_attributes": {
					"name": "polygon",
					"all_points_x": [879, 894, 901, 901, 895, 887, 880, 879],
					"all_points_y": [508, 496, 498, 504, 506, 510, 510, 508]
				},
				"region_attributes": {}
			},
			"39": {
				"shape_attributes": {
					"name": "polygon",
					"all_points_x": [892, 896, 896, 902, 905, 905, 902, 897, 893, 890, 894, 892, 892],
					"all_points_y": [510, 509, 506, 503, 506, 516, 521, 527, 526, 522, 519, 514, 510]
				},
				"region_attributes": {}
			},
			"40": {
				"shape_attributes": {
					"name": "polygon",
					"all_points_x": [883, 883, 888, 888, 884, 883],
					"all_points_y": [518, 515, 515, 520, 520, 518]
				},
				"region_attributes": {}
			},
			"41": {
				"shape_attributes": {
					"name": "polygon",
					"all_points_x": [912, 914, 922, 926, 919, 914, 912],
					"all_points_y": [496, 483, 483, 488, 498, 499, 496]
				},
				"region_attributes": {}
			},
			"42": {
				"shape_attributes": {
					"name": "polygon",
					"all_points_x": [914, 922, 926, 918, 915, 914],
					"all_points_y": [522, 517, 520, 524, 524, 522]
				},
				"region_attributes": {}
			},
			"43": {
				"shape_attributes": {
					"name": "polygon",
					"all_points_x": [887, 890, 894, 890, 887],
					"all_points_y": [559, 555, 560, 560, 559]
				},
				"region_attributes": {}
			},
			"44": {
				"shape_attributes": {
					"name": "polygon",
					"all_points_x": [873, 874, 877, 876, 873],
					"all_points_y": [569, 563, 567, 569, 569]
				},
				"region_attributes": {}
			},
			"45": {
				"shape_attributes": {
					"name": "polygon",
					"all_points_x": [896, 902, 902, 897, 895, 894, 896],
					"all_points_y": [565, 570, 574, 574, 570, 566, 565]
				},
				"region_attributes": {}
			},
			"46": {
				"shape_attributes": {
					"name": "polygon",
					"all_points_x": [905, 916, 916, 910, 909, 910, 906, 905, 906, 904, 905],
					"all_points_y": [568, 569, 574, 575, 581, 585, 584, 579, 573, 571, 568]
				},
				"region_attributes": {}
			},
			"47": {
				"shape_attributes": {
					"name": "polygon",
					"all_points_x": [907, 911, 912, 912, 908, 907, 907],
					"all_points_y": [553, 554, 559, 563, 561, 557, 553]
				},
				"region_attributes": {}
			},
			"48": {
				"shape_attributes": {
					"name": "polygon",
					"all_points_x": [1020, 1022, 1031, 1041, 1043, 1048, 1045, 1036, 1031, 1024, 1020],
					"all_points_y": [344, 332, 323, 324, 331, 335, 350, 351, 348, 348, 344]
				},
				"region_attributes": {}
			},
			"49": {
				"shape_attributes": {
					"name": "polygon",
					"all_points_x": [936, 936, 949, 951, 961, 963, 963, 958, 952, 947, 940, 936],
					"all_points_y": [497, 490, 480, 477, 476, 480, 489, 492, 496, 499, 499, 497]
				},
				"region_attributes": {}
			},
			"50": {
				"shape_attributes": {
					"name": "polygon",
					"all_points_x": [941, 949, 950, 953, 953, 950, 946, 944, 942, 941],
					"all_points_y": [519, 514, 520, 522, 526, 527, 526, 523, 522, 519]
				},
				"region_attributes": {}
			},
			"51": {
				"shape_attributes": {
					"name": "polygon",
					"all_points_x": [944, 952, 953, 952, 949, 948, 945, 944],
					"all_points_y": [501, 501, 506, 511, 511, 507, 507, 501]
				},
				"region_attributes": {}
			},
			"52": {
				"shape_attributes": {
					"name": "polygon",
					"all_points_x": [971, 976, 976, 972, 971],
					"all_points_y": [480, 480, 483, 483, 480]
				},
				"region_attributes": {}
			},
			"53": {
				"shape_attributes": {
					"name": "polygon",
					"all_points_x": [976, 976, 980, 987, 987, 982, 981, 976],
					"all_points_y": [483, 478, 475, 476, 480, 481, 483, 483]
				},
				"region_attributes": {}
			},
			"54": {
				"shape_attributes": {
					"name": "polygon",
					"all_points_x": [976, 976, 980, 984, 984, 981, 982, 976],
					"all_points_y": [478, 471, 467, 468, 471, 472, 475, 478]
				},
				"region_attributes": {}
			},
			"55": {
				"shape_attributes": {
					"name": "polygon",
					"all_points_x": [953, 969, 990, 1001, 1003, 995, 976, 973, 967, 959, 956, 953],
					"all_points_y": [502, 486, 485, 496, 511, 519, 519, 522, 520, 516, 511, 502]
				},
				"region_attributes": {}
			},
			"56": {
				"shape_attributes": {
					"name": "polygon",
					"all_points_x": [938, 944, 944, 939, 938],
					"all_points_y": [536, 536, 539, 539, 536]
				},
				"region_attributes": {}
			},
			"57": {
				"shape_attributes": {
					"name": "polygon",
					"all_points_x": [950, 950, 954, 956, 953, 950],
					"all_points_y": [534, 530, 529, 532, 534, 534]
				},
				"region_attributes": {}
			},
			"58": {
				"shape_attributes": {
					"name": "polygon",
					"all_points_x": [955, 956, 959, 959, 957, 955],
					"all_points_y": [537, 535, 535, 538, 538, 537]
				},
				"region_attributes": {}
			},
			"59": {
				"shape_attributes": {
					"name": "polygon",
					"all_points_x": [964, 967, 973, 973, 967, 966, 964],
					"all_points_y": [522, 520, 525, 531, 531, 526, 522]
				},
				"region_attributes": {}
			},
			"60": {
				"shape_attributes": {
					"name": "polygon",
					"all_points_x": [958, 962, 963, 959, 958],
					"all_points_y": [519, 519, 523, 523, 519]
				},
				"region_attributes": {}
			},
			"61": {
				"shape_attributes": {
					"name": "polygon",
					"all_points_x": [955, 964, 964, 957, 955],
					"all_points_y": [526, 525, 531, 531, 526]
				},
				"region_attributes": {}
			},
			"62": {
				"shape_attributes": {
					"name": "polygon",
					"all_points_x": [984, 984, 1000, 1007, 1009, 1004, 997, 989, 984],
					"all_points_y": [554, 547, 536, 537, 556, 562, 563, 560, 554]
				},
				"region_attributes": {}
			},
			"63": {
				"shape_attributes": {
					"name": "polygon",
					"all_points_x": [984, 991, 994, 991, 987, 983, 984],
					"all_points_y": [530, 530, 537, 539, 538, 534, 530]
				},
				"region_attributes": {}
			},
			"64": {
				"shape_attributes": {
					"name": "polygon",
					"all_points_x": [966, 967, 975, 975, 970, 966],
					"all_points_y": [545, 541, 541, 547, 547, 545]
				},
				"region_attributes": {}
			},
			"65": {
				"shape_attributes": {
					"name": "polygon",
					"all_points_x": [965, 971, 972, 968, 966, 962, 962, 965],
					"all_points_y": [546, 548, 554, 556, 561, 560, 548, 546]
				},
				"region_attributes": {}
			},
			"66": {
				"shape_attributes": {
					"name": "polygon",
					"all_points_x": [948, 948, 951, 955, 956, 952, 948],
					"all_points_y": [556, 550, 549, 550, 557, 560, 556]
				},
				"region_attributes": {}
			},
			"67": {
				"shape_attributes": {
					"name": "polygon",
					"all_points_x": [937, 937, 942, 942, 937],
					"all_points_y": [563, 559, 558, 564, 563]
				},
				"region_attributes": {}
			},
			"68": {
				"shape_attributes": {
					"name": "polygon",
					"all_points_x": [920, 922, 924, 922, 920],
					"all_points_y": [583, 579, 584, 584, 583]
				},
				"region_attributes": {}
			},
			"69": {
				"shape_attributes": {
					"name": "polygon",
					"all_points_x": [932, 932, 937, 938, 935, 932],
					"all_points_y": [577, 571, 571, 577, 578, 577]
				},
				"region_attributes": {}
			},
			"70": {
				"shape_attributes": {
					"name": "polygon",
					"all_points_x": [934, 939, 940, 934],
					"all_points_y": [583, 579, 584, 583]
				},
				"region_attributes": {}
			},
			"71": {
				"shape_attributes": {
					"name": "polygon",
					"all_points_x": [948, 949, 951, 956, 956, 948],
					"all_points_y": [575, 566, 570, 571, 575, 575]
				},
				"region_attributes": {}
			},
			"72": {
				"shape_attributes": {
					"name": "polygon",
					"all_points_x": [962, 965, 968, 965, 962],
					"all_points_y": [579, 576, 578, 580, 579]
				},
				"region_attributes": {}
			},
			"73": {
				"shape_attributes": {
					"name": "polygon",
					"all_points_x": [973, 970, 974, 978, 980, 978, 973],
					"all_points_y": [580, 573, 569, 570, 576, 580, 580]
				},
				"region_attributes": {}
			},
			"74": {
				"shape_attributes": {
					"name": "polygon",
					"all_points_x": [976, 980, 981, 981, 978, 976],
					"all_points_y": [581, 579, 579, 582, 583, 581]
				},
				"region_attributes": {}
			},
			"75": {
				"shape_attributes": {
					"name": "polygon",
					"all_points_x": [991, 991, 993, 1000, 999, 995, 991],
					"all_points_y": [581, 578, 575, 575, 579, 581, 581]
				},
				"region_attributes": {}
			},
			"76": {
				"shape_attributes": {
					"name": "polygon",
					"all_points_x": [1006, 1003, 1005, 1009, 1011, 1010, 1006],
					"all_points_y": [570, 568, 563, 563, 569, 570, 570]
				},
				"region_attributes": {}
			},
			"77": {
				"shape_attributes": {
					"name": "polygon",
					"all_points_x": [986, 989, 995, 995, 991, 987, 984, 984, 986],
					"all_points_y": [584, 587, 587, 594, 597, 594, 591, 586, 584]
				},
				"region_attributes": {}
			},
			"78": {
				"shape_attributes": {
					"name": "polygon",
					"all_points_x": [997, 1003, 1008, 1009, 1010, 1006, 1002, 1001, 997, 997],
					"all_points_y": [582, 580, 580, 583, 589, 592, 592, 588, 587, 582]
				},
				"region_attributes": {}
			},
			"79": {
				"shape_attributes": {
					"name": "polygon",
					"all_points_x": [997, 1000, 1000, 997, 997],
					"all_points_y": [588, 589, 593, 593, 588]
				},
				"region_attributes": {}
			},
			"80": {
				"shape_attributes": {
					"name": "polygon",
					"all_points_x": [1010, 1019, 1021, 1026, 1026, 1018, 1013, 1010, 1010],
					"all_points_y": [571, 564, 560, 560, 568, 580, 579, 575, 575]
				},
				"region_attributes": {}
			},
			"81": {
				"shape_attributes": {
					"name": "polygon",
					"all_points_x": [1029, 1028, 1035, 1041, 1048, 1049, 1047, 1046, 1034, 1029],
					"all_points_y": [585, 571, 560, 556, 556, 563, 568, 572, 587, 585]
				},
				"region_attributes": {}
			},
			"82": {
				"shape_attributes": {
					"name": "polygon",
					"all_points_x": [1021, 1023, 1030, 1031, 1025, 1021],
					"all_points_y": [527, 522, 522, 528, 530, 527]
				},
				"region_attributes": {}
			},
			"83": {
				"shape_attributes": {
					"name": "polygon",
					"all_points_x": [1029, 1032, 1036, 1036, 1032, 1029],
					"all_points_y": [533, 529, 529, 534, 535, 535]
				},
				"region_attributes": {}
			},
			"84": {
				"shape_attributes": {
					"name": "polygon",
					"all_points_x": [1031, 1034, 1034, 1031, 1031],
					"all_points_y": [540, 541, 546, 545, 545]
				},
				"region_attributes": {}
			},
			"85": {
				"shape_attributes": {
					"name": "polygon",
					"all_points_x": [1020, 1021, 1023, 1023, 1021, 1020],
					"all_points_y": [520, 517, 516, 520, 522, 520]
				},
				"region_attributes": {}
			},
			"86": {
				"shape_attributes": {
					"name": "polygon",
					"all_points_x": [996, 997, 1007, 1016, 1016, 1004, 996],
					"all_points_y": [526, 520, 521, 525, 528, 528, 526]
				},
				"region_attributes": {}
			},
			"87": {
				"shape_attributes": {
					"name": "polygon",
					"all_points_x": [1006, 1006, 1009, 1014, 1013, 1009, 1006],
					"all_points_y": [536, 535, 528, 528, 535, 543, 636]
				},
				"region_attributes": {}
			},
			"88": {
				"shape_attributes": {
					"name": "polygon",
					"all_points_x": [1008, 1013, 1015, 1014, 1013, 1008],
					"all_points_y": [520, 515, 516, 519, 523, 520]
				},
				"region_attributes": {}
			},
			"89": {
				"shape_attributes": {
					"name": "polygon",
					"all_points_x": [1009, 1009, 1014, 1013, 1009],
					"all_points_y": [598, 596, 595, 599, 598]
				},
				"region_attributes": {}
			},
			"90": {
				"shape_attributes": {
					"name": "polygon",
					"all_points_x": [1018, 1025, 1026, 1019, 1016, 1018],
					"all_points_y": [605, 605, 616, 616, 611, 605]
				},
				"region_attributes": {}
			},
			"91": {
				"shape_attributes": {
					"name": "polygon",
					"all_points_x": [783, 789, 790, 784, 783],
					"all_points_y": [561, 562, 566, 566, 561]
				},
				"region_attributes": {}
			},
			"92": {
				"shape_attributes": {
					"name": "polygon",
					"all_points_x": [932, 936, 938, 935, 932],
					"all_points_y": [547, 545, 547, 548, 547]
				},
				"region_attributes": {}
			},
			"93": {
				"shape_attributes": {
					"name": "polygon",
					"all_points_x": [918, 922, 924, 920, 918],
					"all_points_y": [559, 557, 560, 561, 559]
				},
				"region_attributes": {}
			},
			"94": {
				"shape_attributes": {
					"name": "polygon",
					"all_points_x": [911, 913, 911, 909, 911],
					"all_points_y": [563, 565, 566, 564, 563]
				},
				"region_attributes": {}
			},
			"95": {
				"shape_attributes": {
					"name": "polygon",
					"all_points_x": [925, 928, 925, 925],
					"all_points_y": [560, 561, 563, 560]
				},
				"region_attributes": {}
			},
			"96": {
				"shape_attributes": {
					"name": "polygon",
					"all_points_x": [924, 928, 927, 924, 924],
					"all_points_y": [564, 564, 568, 567, 564]
				},
				"region_attributes": {}
			},
			"97": {
				"shape_attributes": {
					"name": "polygon",
					"all_points_x": [921, 924, 925, 921, 921],
					"all_points_y": [567, 568, 571, 570, 567]
				},
				"region_attributes": {}
			},
			"98": {
				"shape_attributes": {
					"name": "polygon",
					"all_points_x": [928, 930, 933, 933, 930, 928],
					"all_points_y": [563, 561, 562, 565, 565, 563]
				},
				"region_attributes": {}
			}
		}
	},
	"100": {
		"fileref": "",
		"size": 73967,
		"filename": "img100.jpg",
		"base64_img_data": "",
		"file_attributes": {},
		"regions": {
			"0": {
				"shape_attributes": {
					"name": "polygon",
					"all_points_x": [0, 7, 3, 0, 0],
					"all_points_y": [28, 35, 46, 46, 28]
				},
				"region_attributes": {}
			},
			"1": {
				"shape_attributes": {
					"name": "polygon",
					"all_points_x": [68, 64, 67, 78, 96, 96, 68],
					"all_points_y": [0, 8, 25, 25, 5, 0, 0]
				},
				"region_attributes": {}
			},
			"2": {
				"shape_attributes": {
					"name": "polygon",
					"all_points_x": [32, 42, 52, 58, 62, 64, 65, 61, 54, 44, 37, 32, 32],
					"all_points_y": [179, 161, 159, 164, 174, 177, 184, 191, 195, 198, 197, 192, 179]
				},
				"region_attributes": {}
			},
			"3": {
				"shape_attributes": {
					"name": "polygon",
					"all_points_x": [99, 113, 121, 120, 119, 114, 106, 101, 96, 91, 88, 88, 99],
					"all_points_y": [331, 333, 342, 369, 376, 384, 385, 382, 382, 377, 361, 347, 331]
				},
				"region_attributes": {}
			},
			"4": {
				"shape_attributes": {
					"name": "polygon",
					"all_points_x": [220, 214, 213, 214, 216, 220, 227, 232, 236, 241, 241, 237, 234, 224, 220],
					"all_points_y": [389, 404, 415, 426, 431, 433, 435, 433, 426, 415, 399, 389, 391, 391, 389]
				},
				"region_attributes": {}
			},
			"5": {
				"shape_attributes": {
					"name": "polygon",
					"all_points_x": [909, 911, 919, 932, 934, 936, 934, 926, 915, 909],
					"all_points_y": [377, 370, 363, 361, 368, 374, 379, 390, 384, 377]
				},
				"region_attributes": {}
			},
			"6": {
				"shape_attributes": {
					"name": "polygon",
					"all_points_x": [1052, 1055, 1058, 1054, 1052],
					"all_points_y": [473, 470, 474, 477, 473]
				},
				"region_attributes": {}
			},
			"7": {
				"shape_attributes": {
					"name": "polygon",
					"all_points_x": [964, 964, 981, 978, 970, 964],
					"all_points_y": [491, 486, 480, 491, 495, 491]
				},
				"region_attributes": {}
			},
			"8": {
				"shape_attributes": {
					"name": "polygon",
					"all_points_x": [983, 992, 1003, 1009, 1014, 1015, 1012, 1007, 1003, 993, 988, 981, 980, 977, 983],
					"all_points_y": [480, 472, 474, 478, 490, 502, 508, 513, 518, 519, 514, 513, 499, 494, 480]
				},
				"region_attributes": {}
			},
			"9": {
				"shape_attributes": {
					"name": "polygon",
					"all_points_x": [973, 978, 979, 972, 973],
					"all_points_y": [500, 503, 514, 513, 500]
				},
				"region_attributes": {}
			},
			"10": {
				"shape_attributes": {
					"name": "polygon",
					"all_points_x": [1039, 1040, 1044, 1047, 1046, 1042, 1039],
					"all_points_y": [515, 510, 508, 511, 516, 518, 515]
				},
				"region_attributes": {}
			},
			"11": {
				"shape_attributes": {
					"name": "polygon",
					"all_points_x": [893, 907, 909, 906, 890, 893],
					"all_points_y": [646, 647, 656, 661, 655, 646]
				},
				"region_attributes": {}
			},
			"12": {
				"shape_attributes": {
					"name": "polygon",
					"all_points_x": [902, 906, 905, 901, 902],
					"all_points_y": [679, 681, 686, 684, 679]
				},
				"region_attributes": {}
			},
			"13": {
				"shape_attributes": {
					"name": "polygon",
					"all_points_x": [1250, 1265, 1274, 1250],
					"all_points_y": [1079, 1066, 1079, 1079]
				},
				"region_attributes": {}
			},
			"14": {
				"shape_attributes": {
					"name": "polygon",
					"all_points_x": [1566, 1525, 1534, 1547, 1582, 1584, 1566],
					"all_points_y": [1073, 1050, 1024, 1022, 1036, 1060, 1073]
				},
				"region_attributes": {}
			},
			"15": {
				"shape_attributes": {
					"name": "polygon",
					"all_points_x": [1401, 1409, 1432, 1425, 1412, 1401],
					"all_points_y": [1049, 1028, 1031, 1053, 1055, 1049]
				},
				"region_attributes": {}
			},
			"16": {
				"shape_attributes": {
					"name": "polygon",
					"all_points_x": [1222, 1221, 1233, 1239, 1242, 1233, 1222],
					"all_points_y": [1009, 1001, 979, 979, 984, 1008, 1009]
				},
				"region_attributes": {}
			},
			"17": {
				"shape_attributes": {
					"name": "polygon",
					"all_points_x": [1680, 1679, 1686, 1702, 1717, 1731, 1731, 1732, 1725, 1699, 1687, 1680],
					"all_points_y": [1055, 1044, 1026, 1018, 1024, 1042, 1052, 1068, 1079, 1079, 1070, 1055]
				},
				"region_attributes": {}
			},
			"18": {
				"shape_attributes": {
					"name": "polygon",
					"all_points_x": [1732, 1740, 1760, 1766, 1762, 1762, 1753, 1739, 1732, 1732],
					"all_points_y": [1042, 1031, 1039, 1047, 1057, 1072, 1079, 1072, 1065, 1042]
				},
				"region_attributes": {}
			},
			"19": {
				"shape_attributes": {
					"name": "polygon",
					"all_points_x": [1817, 1843, 1844, 1852, 1847, 1850, 1843, 1808, 1799, 1809, 1809, 1817],
					"all_points_y": [1021, 1018, 1028, 1039, 1052, 1067, 1078, 1079, 1064, 1046, 1038, 1021]
				},
				"region_attributes": {}
			},
			"20": {
				"shape_attributes": {
					"name": "polygon",
					"all_points_x": [1873, 1896, 1912, 1913, 1916, 1911, 1904, 1894, 1883, 1869, 1860, 1853, 1858, 1873],
					"all_points_y": [980, 978, 994, 1007, 1024, 1044, 1057, 1063, 1064, 1055, 1041, 1016, 998, 980]
				},
				"region_attributes": {}
			},
			"21": {
				"shape_attributes": {
					"name": "polygon",
					"all_points_x": [1903, 1918, 1918, 1910, 1903],
					"all_points_y": [982, 951, 970, 989, 982]
				},
				"region_attributes": {}
			},
			"22": {
				"shape_attributes": {
					"name": "polygon",
					"all_points_x": [1553, 1559, 1561, 1557, 1553],
					"all_points_y": [1010, 997, 1004, 1011, 1010]
				},
				"region_attributes": {}
			},
			"23": {
				"shape_attributes": {
					"name": "polygon",
					"all_points_x": [1486, 1486, 1492, 1523, 1517, 1511, 1501, 1490, 1486],
					"all_points_y": [962, 944, 936, 952, 974, 977, 969, 966, 962]
				},
				"region_attributes": {}
			},
			"24": {
				"shape_attributes": {
					"name": "polygon",
					"all_points_x": [1526, 1538, 1552, 1559, 1560, 1555, 1533, 1526, 1522, 1521, 1526],
					"all_points_y": [892, 893, 905, 920, 928, 944, 943, 934, 926, 908, 892]
				},
				"region_attributes": {}
			},
			"25": {
				"shape_attributes": {
					"name": "polygon",
					"all_points_x": [1383, 1380, 1383, 1396, 1407, 1420, 1422, 1422, 1417, 1412, 1395, 1383],
					"all_points_y": [1001, 967, 951, 928, 929, 938, 950, 966, 982, 988, 1008, 1001]
				},
				"region_attributes": {}
			},
			"26": {
				"shape_attributes": {
					"name": "polygon",
					"all_points_x": [1411, 1455, 1446, 1420, 1400, 1394, 1395, 1411],
					"all_points_y": [988, 988, 1016, 1012, 1015, 1015, 1006, 988]
				},
				"region_attributes": {}
			},
			"27": {
				"shape_attributes": {
					"name": "polygon",
					"all_points_x": [1409, 1415, 1427, 1431, 1421, 1414, 1409],
					"all_points_y": [888, 863, 858, 861, 894, 892, 888]
				},
				"region_attributes": {}
			},
			"28": {
				"shape_attributes": {
					"name": "polygon",
					"all_points_x": [1438, 1440, 1430, 1424, 1422, 1431, 1438],
					"all_points_y": [860, 869, 900, 898, 891, 861, 860]
				},
				"region_attributes": {}
			},
			"29": {
				"shape_attributes": {
					"name": "polygon",
					"all_points_x": [1423, 1418, 1424, 1437, 1454, 1457, 1456, 1464, 1467, 1466, 1461, 1456, 1441, 1423],
					"all_points_y": [816, 805, 784, 768, 760, 766, 769, 766, 774, 788, 799, 807, 813, 816]
				},
				"region_attributes": {}
			},
			"30": {
				"shape_attributes": {
					"name": "polygon",
					"all_points_x": [1472, 1480, 1503, 1518, 1526, 1527, 1529, 1530, 1530, 1529, 1520, 1514, 1501, 1487, 1477, 1473, 1474, 1468, 1469, 1472],
					"all_points_y": [810, 800, 792, 792, 797, 802, 810, 820, 826, 830, 836, 842, 845, 848, 845, 838, 834, 832, 822, 810]
				},
				"region_attributes": {}
			},
			"31": {
				"shape_attributes": {
					"name": "polygon",
					"all_points_x": [1535, 1532, 1534, 1540, 1549, 1557, 1563, 1570, 1579, 1582, 1583, 1582, 1580, 1576, 1570, 1563, 1555, 1549, 1545, 1537, 1535],
					"all_points_y": [809, 796, 780, 767, 761, 760, 763, 768, 772, 778, 788, 798, 807, 812, 820, 824, 822, 818, 814, 814, 809]
				},
				"region_attributes": {}
			},
			"32": {
				"shape_attributes": {
					"name": "polygon",
					"all_points_x": [1699, 1700, 1705, 1716, 1727, 1741, 1745, 1745, 1744, 1743, 1734, 1723, 1712, 1705, 1699, 1695, 1690, 1686, 1686, 1690, 1699],
					"all_points_y": [795, 804, 812, 820, 827, 829, 831, 840, 851, 856, 855, 853, 851, 848, 843, 838, 832, 821, 809, 800, 795]
				},
				"region_attributes": {}
			},
			"33": {
				"shape_attributes": {
					"name": "polygon",
					"all_points_x": [1793, 1805, 1823, 1830, 1838, 1843, 1843, 1843, 1839, 1830, 1814, 1803, 1795, 1790, 1793],
					"all_points_y": [816, 808, 806, 809, 820, 828, 837, 842, 848, 850, 852, 848, 843, 833, 816]
				},
				"region_attributes": {}
			},
			"34": {
				"shape_attributes": {
					"name": "polygon",
					"all_points_x": [1758, 1758, 1768, 1787, 1788, 1784, 1780, 1768, 1758],
					"all_points_y": [900, 889, 879, 875, 881, 894, 900, 902, 900]
				},
				"region_attributes": {}
			},
			"35": {
				"shape_attributes": {
					"name": "polygon",
					"all_points_x": [1709, 1730, 1741, 1748, 1752, 1750, 1744, 1738, 1727, 1715, 1702, 1695, 1694, 1697, 1709],
					"all_points_y": [878, 881, 888, 900, 913, 927, 937, 944, 942, 938, 929, 916, 901, 888, 878]
				},
				"region_attributes": {}
			},
			"36": {
				"shape_attributes": {
					"name": "polygon",
					"all_points_x": [1895, 1904, 1916, 1917, 1908, 1904, 1901, 1891, 1895],
					"all_points_y": [864, 857, 861, 901, 920, 919, 907, 898, 864]
				},
				"region_attributes": {}
			},
			"37": {
				"shape_attributes": {
					"name": "polygon",
					"all_points_x": [1900, 1912, 1918, 1918, 1909, 1900],
					"all_points_y": [945, 924, 922, 945, 949, 945]
				},
				"region_attributes": {}
			},
			"38": {
				"shape_attributes": {
					"name": "polygon",
					"all_points_x": [1521, 1533, 1554, 1563, 1565, 1568, 1571, 1566, 1555, 1542, 1528, 1520, 1521],
					"all_points_y": [662, 656, 659, 668, 682, 697, 708, 723, 721, 707, 692, 679, 662]
				},
				"region_attributes": {}
			},
			"39": {
				"shape_attributes": {
					"name": "polygon",
					"all_points_x": [1566, 1567, 1572, 1581, 1583, 1586, 1588, 1584, 1578, 1570, 1566],
					"all_points_y": [685, 671, 650, 646, 650, 676, 700, 709, 709, 705, 685]
				},
				"region_attributes": {}
			},
			"40": {
				"shape_attributes": {
					"name": "polygon",
					"all_points_x": [1584, 1589, 1598, 1598, 1598, 1593, 1587, 1584],
					"all_points_y": [654, 652, 657, 676, 685, 699, 697, 654]
				},
				"region_attributes": {}
			},
			"41": {
				"shape_attributes": {
					"name": "polygon",
					"all_points_x": [1703, 1698, 1699, 1705, 1712, 1724, 1731, 1729, 1716, 1703],
					"all_points_y": [683, 676, 656, 649, 648, 648, 660, 679, 678, 683]
				},
				"region_attributes": {}
			},
			"42": {
				"shape_attributes": {
					"name": "polygon",
					"all_points_x": [1743, 1778, 1793, 1795, 1788, 1783, 1782, 1777, 1769, 1764, 1759, 1751, 1743, 1743],
					"all_points_y": [648, 640, 652, 678, 684, 684, 705, 710, 709, 702, 686, 680, 673, 648]
				},
				"region_attributes": {}
			},
			"43": {
				"shape_attributes": {
					"name": "polygon",
					"all_points_x": [1862, 1869, 1871, 1877, 1878, 1869, 1864, 1862],
					"all_points_y": [735, 734, 739, 743, 766, 762, 757, 735]
				},
				"region_attributes": {}
			},
			"44": {
				"shape_attributes": {
					"name": "polygon",
					"all_points_x": [1842, 1843, 1850, 1872, 1880, 1876, 1868, 1855, 1842],
					"all_points_y": [718, 698, 685, 685, 701, 715, 720, 720, 718]
				},
				"region_attributes": {}
			},
			"45": {
				"shape_attributes": {
					"name": "polygon",
					"all_points_x": [1854, 1854, 1851, 1862, 1875, 1888, 1888, 1893, 1894, 1873, 1872, 1854],
					"all_points_y": [682, 669, 653, 650, 649, 656, 656, 672, 676, 673, 684, 682]
				},
				"region_attributes": {}
			},
			"46": {
				"shape_attributes": {
					"name": "polygon",
					"all_points_x": [1863, 1864, 1870, 1878, 1885, 1904, 1913, 1917, 1919, 1916, 1903, 1881, 1863],
					"all_points_y": [630, 611, 599, 594, 593, 595, 598, 604, 631, 639, 645, 642, 630]
				},
				"region_attributes": {}
			},
			"47": {
				"shape_attributes": {
					"name": "polygon",
					"all_points_x": [1888, 1890, 1903, 1911, 1913, 1917, 1915, 1894, 1888],
					"all_points_y": [647, 662, 677, 680, 668, 648, 644, 644, 647]
				},
				"region_attributes": {}
			},
			"48": {
				"shape_attributes": {
					"name": "polygon",
					"all_points_x": [1887, 1884, 1908, 1909, 1887],
					"all_points_y": [591, 572, 578, 594, 591]
				},
				"region_attributes": {}
			},
			"49": {
				"shape_attributes": {
					"name": "polygon",
					"all_points_x": [1786, 1786, 1791, 1796, 1804, 1813, 1823, 1826, 1826, 1821, 1811, 1799, 1794, 1786],
					"all_points_y": [586, 566, 558, 552, 554, 561, 565, 590, 602, 606, 611, 610, 604, 586]
				},
				"region_attributes": {}
			},
			"50": {
				"shape_attributes": {
					"name": "polygon",
					"all_points_x": [1824, 1835, 1841, 1840, 1833, 1824, 1824],
					"all_points_y": [566, 572, 577, 591, 592, 585, 566]
				},
				"region_attributes": {}
			},
			"51": {
				"shape_attributes": {
					"name": "polygon",
					"all_points_x": [1681, 1699, 1714, 1723, 1732, 1735, 1733, 1727, 1718, 1706, 1700, 1693, 1677, 1670, 1670, 1681],
					"all_points_y": [556, 553, 546, 542, 548, 560, 575, 588, 591, 593, 600, 602, 601, 590, 571, 556]
				},
				"region_attributes": {}
			},
			"52": {
				"shape_attributes": {
					"name": "polygon",
					"all_points_x": [1502, 1513, 1526, 1540, 1553, 1561, 1569, 1570, 1566, 1552, 1536, 1502],
					"all_points_y": [552, 546, 540, 542, 544, 553, 564, 585, 598, 607, 608, 552]
				},
				"region_attributes": {}
			},
			"53": {
				"shape_attributes": {
					"name": "polygon",
					"all_points_x": [1296, 1292, 1295, 1305, 1327, 1344, 1347, 1346, 1323, 1319, 1308, 1296],
					"all_points_y": [631, 615, 597, 590, 590, 600, 621, 640, 648, 639, 631, 631]
				},
				"region_attributes": {}
			},
			"54": {
				"shape_attributes": {
					"name": "polygon",
					"all_points_x": [1265, 1262, 1267, 1279, 1289, 1294, 1295, 1290, 1286, 1273, 1265],
					"all_points_y": [519, 494, 472, 464, 467, 480, 497, 514, 524, 519, 519]
				},
				"region_attributes": {}
			},
			"55": {
				"shape_attributes": {
					"name": "polygon",
					"all_points_x": [1302, 1293, 1293, 1304, 1310, 1302],
					"all_points_y": [477, 460, 439, 438, 463, 477]
				},
				"region_attributes": {}
			},
			"56": {
				"shape_attributes": {
					"name": "polygon",
					"all_points_x": [1304, 1313, 1328, 1327, 1319, 1309, 1304],
					"all_points_y": [439, 431, 433, 455, 464, 461, 439]
				},
				"region_attributes": {}
			},
			"57": {
				"shape_attributes": {
					"name": "polygon",
					"all_points_x": [1393, 1400, 1408, 1420, 1426, 1439, 1441, 1442, 1438, 1433, 1423, 1410, 1398, 1392, 1389, 1393],
					"all_points_y": [384, 386, 380, 385, 405, 427, 434, 453, 460, 462, 464, 457, 440, 422, 407, 384]
				},
				"region_attributes": {}
			},
			"58": {
				"shape_attributes": {
					"name": "polygon",
					"all_points_x": [1480, 1476, 1488, 1491, 1485, 1480],
					"all_points_y": [442, 429, 423, 444, 444, 442]
				},
				"region_attributes": {}
			},
			"59": {
				"shape_attributes": {
					"name": "polygon",
					"all_points_x": [1574, 1584, 1593, 1601, 1602, 1599, 1573, 1565, 1561, 1565, 1574],
					"all_points_y": [335, 335, 350, 372, 393, 400, 402, 387, 371, 353, 335]
				},
				"region_attributes": {}
			},
			"60": {
				"shape_attributes": {
					"name": "polygon",
					"all_points_x": [1598, 1609, 1623, 1624, 1621, 1615, 1604, 1594, 1588, 1588, 1598],
					"all_points_y": [289, 289, 319, 339, 351, 354, 351, 336, 321, 305, 289]
				},
				"region_attributes": {}
			},
			"61": {
				"shape_attributes": {
					"name": "polygon",
					"all_points_x": [1624, 1641, 1650, 1654, 1649, 1640, 1632, 1624, 1619, 1621, 1625, 1624],
					"all_points_y": [331, 340, 355, 371, 380, 379, 376, 367, 356, 350, 339, 331]
				},
				"region_attributes": {}
			},
			"62": {
				"shape_attributes": {
					"name": "polygon",
					"all_points_x": [1695, 1684, 1686, 1686, 1698, 1716, 1722, 1731, 1730, 1720, 1705, 1695],
					"all_points_y": [304, 286, 276, 265, 261, 265, 273, 285, 292, 297, 300, 304]
				},
				"region_attributes": {}
			},
			"63": {
				"shape_attributes": {
					"name": "polygon",
					"all_points_x": [1786, 1809, 1807, 1824, 1833, 1836, 1841, 1842, 1837, 1828, 1818, 1804, 1795, 1788, 1788, 1786],
					"all_points_y": [301, 286, 272, 270, 279, 290, 303, 312, 325, 335, 338, 339, 335, 323, 311, 301]
				},
				"region_attributes": {}
			},
			"64": {
				"shape_attributes": {
					"name": "polygon",
					"all_points_x": [1851, 1866, 1878, 1891, 1896, 1900, 1899, 1886, 1866, 1860, 1857, 1855, 1851],
					"all_points_y": [227, 250, 258, 254, 242, 213, 206, 185, 184, 195, 201, 210, 227]
				},
				"region_attributes": {}
			},
			"65": {
				"shape_attributes": {
					"name": "polygon",
					"all_points_x": [1888, 1897, 1905, 1913, 1912, 1905, 1898, 1891, 1888],
					"all_points_y": [183, 179, 182, 194, 201, 205, 201, 193, 183]
				},
				"region_attributes": {}
			},
			"66": {
				"shape_attributes": {
					"name": "polygon",
					"all_points_x": [1798, 1784, 1791, 1805, 1820, 1838, 1852, 1850, 1848, 1838, 1832, 1814, 1809, 1798],
					"all_points_y": [254, 231, 197, 183, 182, 182, 213, 234, 247, 254, 258, 257, 250, 254]
				},
				"region_attributes": {}
			},
			"67": {
				"shape_attributes": {
					"name": "polygon",
					"all_points_x": [1744, 1745, 1752, 1761, 1767, 1766, 1759, 1752, 1744],
					"all_points_y": [264, 245, 245, 259, 278, 283, 285, 278, 264]
				},
				"region_attributes": {}
			},
			"68": {
				"shape_attributes": {
					"name": "polygon",
					"all_points_x": [1690, 1709, 1723, 1742, 1746, 1743, 1734, 1721, 1709, 1699, 1690],
					"all_points_y": [177, 155, 156, 178, 191, 197, 201, 203, 202, 192, 177]
				},
				"region_attributes": {}
			},
			"69": {
				"shape_attributes": {
					"name": "polygon",
					"all_points_x": [1705, 1706, 1715, 1735, 1750, 1760, 1753, 1741, 1724, 1713, 1705],
					"all_points_y": [32, 23, 19, 16, 22, 35, 49, 55, 55, 47, 32]
				},
				"region_attributes": {}
			},
			"70": {
				"shape_attributes": {
					"name": "polygon",
					"all_points_x": [1745, 1753, 1777, 1796, 1810, 1806, 1795, 1789, 1763, 1751, 1745],
					"all_points_y": [73, 61, 60, 71, 89, 98, 99, 102, 97, 86, 73]
				},
				"region_attributes": {}
			},
			"71": {
				"shape_attributes": {
					"name": "polygon",
					"all_points_x": [1837, 1866, 1878, 1880, 1878, 1852, 1832, 1840, 1837],
					"all_points_y": [0, 0, 18, 29, 51, 48, 26, 21, 0]
				},
				"region_attributes": {}
			},
			"72": {
				"shape_attributes": {
					"name": "polygon",
					"all_points_x": [1879, 1907, 1918, 1916, 1916, 1906, 1889, 1880, 1879],
					"all_points_y": [25, 21, 36, 54, 65, 68, 61, 54, 25]
				},
				"region_attributes": {}
			},
			"73": {
				"shape_attributes": {
					"name": "polygon",
					"all_points_x": [1864, 1871, 1891, 1907, 1915, 1918, 1918, 1907, 1895, 1882, 1869, 1864],
					"all_points_y": [124, 110, 104, 107, 113, 119, 150, 159, 159, 158, 148, 124]
				},
				"region_attributes": {}
			},
			"74": {
				"shape_attributes": {
					"name": "polygon",
					"all_points_x": [1615, 1607, 1607, 1611, 1611, 1618, 1626, 1633, 1638, 1635, 1633, 1628, 1625, 1615],
					"all_points_y": [188, 172, 156, 149, 137, 132, 136, 149, 157, 166, 175, 184, 187, 188]
				},
				"region_attributes": {}
			},
			"75": {
				"shape_attributes": {
					"name": "polygon",
					"all_points_x": [1654, 1638, 1624, 1624, 1639, 1658, 1675, 1680, 1680, 1669, 1662, 1654],
					"all_points_y": [162, 156, 130, 109, 105, 109, 123, 137, 146, 151, 160, 162]
				},
				"region_attributes": {}
			},
			"76": {
				"shape_attributes": {
					"name": "polygon",
					"all_points_x": [1544, 1561, 1570, 1578, 1584, 1585, 1580, 1572, 1557, 1553, 1546, 1549, 1543, 1544],
					"all_points_y": [128, 135, 134, 139, 152, 167, 182, 189, 189, 180, 167, 149, 136, 128]
				},
				"region_attributes": {}
			},
			"77": {
				"shape_attributes": {
					"name": "polygon",
					"all_points_x": [1501, 1513, 1527, 1536, 1541, 1542, 1538, 1532, 1520, 1509, 1503, 1501],
					"all_points_y": [218, 208, 208, 216, 231, 251, 260, 263, 263, 254, 239, 218]
				},
				"region_attributes": {}
			},
			"78": {
				"shape_attributes": {
					"name": "polygon",
					"all_points_x": [1601, 1597, 1597, 1606, 1616, 1625, 1621, 1615, 1601],
					"all_points_y": [257, 243, 234, 227, 229, 241, 253, 257, 257]
				},
				"region_attributes": {}
			},
			"79": {
				"shape_attributes": {
					"name": "polygon",
					"all_points_x": [1421, 1439, 1458, 1466, 1461, 1453, 1436, 1425, 1419, 1421],
					"all_points_y": [279, 280, 296, 321, 327, 327, 323, 314, 301, 279]
				},
				"region_attributes": {}
			},
			"80": {
				"shape_attributes": {
					"name": "polygon",
					"all_points_x": [1357, 1363, 1367, 1372, 1372, 1371, 1364, 1358, 1357, 1354, 1353, 1357],
					"all_points_y": [208, 209, 222, 240, 251, 256, 256, 252, 244, 230, 221, 208]
				},
				"region_attributes": {}
			},
			"81": {
				"shape_attributes": {
					"name": "polygon",
					"all_points_x": [1362, 1361, 1367, 1382, 1388, 1393, 1397, 1394, 1386, 1382, 1373, 1365, 1362],
					"all_points_y": [197, 183, 173, 167, 170, 184, 193, 202, 201, 213, 211, 206, 197]
				},
				"region_attributes": {}
			},
			"82": {
				"shape_attributes": {
					"name": "polygon",
					"all_points_x": [1283, 1289, 1291, 1290, 1287, 1276, 1274, 1276, 1283],
					"all_points_y": [353, 353, 368, 386, 392, 391, 377, 366, 353]
				},
				"region_attributes": {}
			},
			"83": {
				"shape_attributes": {
					"name": "polygon",
					"all_points_x": [1699, 1714, 1730, 1741, 1740, 1730, 1717, 1703, 1699],
					"all_points_y": [417, 411, 421, 453, 465, 466, 462, 445, 417]
				},
				"region_attributes": {}
			},
			"84": {
				"shape_attributes": {
					"name": "polygon",
					"all_points_x": [1637, 1652, 1658, 1670, 1676, 1663, 1657, 1645, 1635, 1631, 1637, 1637],
					"all_points_y": [430, 430, 435, 431, 447, 457, 467, 465, 461, 448, 438, 430]
				},
				"region_attributes": {}
			},
			"85": {
				"shape_attributes": {
					"name": "polygon",
					"all_points_x": [1755, 1766, 1776, 1784, 1781, 1774, 1762, 1756, 1755],
					"all_points_y": [411, 393, 393, 431, 437, 440, 437, 427, 411]
				},
				"region_attributes": {}
			},
			"86": {
				"shape_attributes": {
					"name": "polygon",
					"all_points_x": [1110, 1111, 1115, 1110],
					"all_points_y": [862, 848, 861, 862]
				},
				"region_attributes": {}
			},
			"87": {
				"shape_attributes": {
					"name": "polygon",
					"all_points_x": [1229, 1228, 1242, 1250, 1251, 1260, 1273, 1277, 1273, 1267, 1258, 1248, 1238, 1229],
					"all_points_y": [916, 907, 882, 881, 885, 876, 884, 888, 901, 915, 923, 923, 919, 916]
				},
				"region_attributes": {}
			},
			"88": {
				"shape_attributes": {
					"name": "polygon",
					"all_points_x": [1262, 1259, 1246, 1239, 1226, 1212, 1207, 1212, 1221, 1231, 1243, 1253, 1262],
					"all_points_y": [776, 793, 819, 821, 815, 811, 798, 780, 765, 758, 761, 764, 776]
				},
				"region_attributes": {}
			},
			"89": {
				"shape_attributes": {
					"name": "polygon",
					"all_points_x": [984, 983, 989, 999, 1009, 1016, 1019, 1021, 1018, 1015, 1005, 995, 984],
					"all_points_y": [805, 795, 787, 788, 791, 797, 805, 811, 821, 826, 825, 818, 805]
				},
				"region_attributes": {}
			},
			"90": {
				"shape_attributes": {
					"name": "polygon",
					"all_points_x": [1039, 1039, 1055, 1066, 1066, 1059, 1049, 1043, 1039],
					"all_points_y": [709, 704, 699, 701, 706, 715, 718, 715, 709]
				},
				"region_attributes": {}
			},
			"91": {
				"shape_attributes": {
					"name": "polygon",
					"all_points_x": [1103, 1102, 1109, 1119, 1120, 1119, 1127, 1113, 1103],
					"all_points_y": [644, 638, 632, 632, 638, 643, 646, 646, 644]
				},
				"region_attributes": {}
			},
			"92": {
				"shape_attributes": {
					"name": "polygon",
					"all_points_x": [1045, 1055, 1058, 1071, 1070, 1060, 1053, 1045],
					"all_points_y": [534, 526, 520, 523, 534, 541, 541, 534]
				},
				"region_attributes": {}
			},
			"93": {
				"shape_attributes": {
					"name": "polygon",
					"all_points_x": [1030, 1029, 1041, 1052, 1058, 1057, 1045, 1037, 1030],
					"all_points_y": [545, 552, 553, 561, 556, 545, 547, 543, 545]
				},
				"region_attributes": {}
			},
			"94": {
				"shape_attributes": {
					"name": "polygon",
					"all_points_x": [1060, 1064, 1065, 1063, 1059, 1060],
					"all_points_y": [548, 550, 553, 560, 556, 548]
				},
				"region_attributes": {}
			},
			"95": {
				"shape_attributes": {
					"name": "polygon",
					"all_points_x": [1066, 1072, 1072, 1065, 1066],
					"all_points_y": [554, 545, 560, 563, 554]
				},
				"region_attributes": {}
			},
			"96": {
				"shape_attributes": {
					"name": "polygon",
					"all_points_x": [913, 913, 922, 929, 929, 926, 918, 913],
					"all_points_y": [630, 622, 615, 621, 630, 635, 634, 630]
				},
				"region_attributes": {}
			},
			"97": {
				"shape_attributes": {
					"name": "polygon",
					"all_points_x": [957, 975, 976, 992, 988, 974, 965, 958, 957],
					"all_points_y": [623, 623, 628, 633, 640, 643, 641, 632, 623]
				},
				"region_attributes": {}
			},
			"98": {
				"shape_attributes": {
					"name": "polygon",
					"all_points_x": [1041, 1044, 1048, 1044, 1041],
					"all_points_y": [665, 661, 666, 670, 665]
				},
				"region_attributes": {}
			},
			"99": {
				"shape_attributes": {
					"name": "polygon",
					"all_points_x": [1062, 1066, 1070, 1066, 1062],
					"all_points_y": [657, 652, 657, 661, 657]
				},
				"region_attributes": {}
			},
			"100": {
				"shape_attributes": {
					"name": "polygon",
					"all_points_x": [1059, 1056, 1060, 1062, 1059],
					"all_points_y": [645, 648, 653, 648, 645]
				},
				"region_attributes": {}
			},
			"101": {
				"shape_attributes": {
					"name": "polygon",
					"all_points_x": [1035, 1042, 1067, 1072, 1072, 1061, 1052, 1037, 1035],
					"all_points_y": [618, 608, 608, 613, 617, 619, 623, 623, 618]
				},
				"region_attributes": {}
			},
			"102": {
				"shape_attributes": {
					"name": "polygon",
					"all_points_x": [1054, 1047, 1044, 1046, 1052, 1054, 1054],
					"all_points_y": [599, 598, 591, 581, 583, 589, 599]
				},
				"region_attributes": {}
			},
			"103": {
				"shape_attributes": {
					"name": "polygon",
					"all_points_x": [1032, 1034, 1042, 1044, 1038, 1032],
					"all_points_y": [602, 594, 593, 602, 605, 602]
				},
				"region_attributes": {}
			},
			"104": {
				"shape_attributes": {
					"name": "polygon",
					"all_points_x": [1003, 1017, 1024, 1028, 1024, 1018, 1011, 1007, 1004, 1003],
					"all_points_y": [605, 606, 603, 607, 612, 618, 618, 611, 610, 605]
				},
				"region_attributes": {}
			},
			"105": {
				"shape_attributes": {
					"name": "polygon",
					"all_points_x": [1022, 1029, 1031, 1027, 1022],
					"all_points_y": [619, 610, 610, 621, 619]
				},
				"region_attributes": {}
			},
			"106": {
				"shape_attributes": {
					"name": "polygon",
					"all_points_x": [1007, 1016, 1018, 1010, 1007],
					"all_points_y": [517, 510, 518, 525, 517]
				},
				"region_attributes": {}
			},
			"107": {
				"shape_attributes": {
					"name": "polygon",
					"all_points_x": [1020, 1041, 1031, 1019, 1011, 1011, 1020],
					"all_points_y": [519, 529, 543, 543, 537, 529, 519]
				},
				"region_attributes": {}
			},
			"108": {
				"shape_attributes": {
					"name": "polygon",
					"all_points_x": [1036, 1043, 1045, 1038, 1036],
					"all_points_y": [537, 537, 542, 540, 537]
				},
				"region_attributes": {}
			},
			"109": {
				"shape_attributes": {
					"name": "polygon",
					"all_points_x": [925, 933, 943, 948, 954, 952, 944, 935, 926, 925],
					"all_points_y": [550, 535, 535, 543, 551, 560, 560, 553, 557, 550]
				},
				"region_attributes": {}
			},
			"110": {
				"shape_attributes": {
					"name": "polygon",
					"all_points_x": [941, 945, 959, 970, 971, 968, 962, 957, 941],
					"all_points_y": [598, 593, 585, 584, 589, 594, 593, 597, 598]
				},
				"region_attributes": {}
			},
			"111": {
				"shape_attributes": {
					"name": "polygon",
					"all_points_x": [959, 966, 967, 959, 959],
					"all_points_y": [599, 598, 602, 605, 599]
				},
				"region_attributes": {}
			},
			"112": {
				"shape_attributes": {
					"name": "polygon",
					"all_points_x": [977, 978, 959, 960, 977],
					"all_points_y": [605, 609, 613, 607, 605]
				},
				"region_attributes": {}
			},
			"113": {
				"shape_attributes": {
					"name": "polygon",
					"all_points_x": [967, 968, 978, 976, 967],
					"all_points_y": [597, 603, 602, 594, 597]
				},
				"region_attributes": {}
			},
			"114": {
				"shape_attributes": {
					"name": "polygon",
					"all_points_x": [1030, 1034, 1037, 1033, 1030],
					"all_points_y": [563, 560, 565, 567, 563]
				},
				"region_attributes": {}
			},
			"115": {
				"shape_attributes": {
					"name": "polygon",
					"all_points_x": [949, 947, 953, 957, 949],
					"all_points_y": [574, 565, 560, 567, 574]
				},
				"region_attributes": {}
			},
			"116": {
				"shape_attributes": {
					"name": "polygon",
					"all_points_x": [952, 950, 957, 961, 957, 952],
					"all_points_y": [537, 545, 551, 543, 534, 537]
				},
				"region_attributes": {}
			},
			"117": {
				"shape_attributes": {
					"name": "polygon",
					"all_points_x": [967, 965, 969, 972, 967],
					"all_points_y": [516, 520, 523, 519, 516]
				},
				"region_attributes": {}
			},
			"118": {
				"shape_attributes": {
					"name": "polygon",
					"all_points_x": [975, 971, 974, 980, 975],
					"all_points_y": [519, 522, 529, 523, 519]
				},
				"region_attributes": {}
			},
			"119": {
				"shape_attributes": {
					"name": "polygon",
					"all_points_x": [968, 962, 961, 970, 968],
					"all_points_y": [545, 551, 558, 555, 545]
				},
				"region_attributes": {}
			},
			"120": {
				"shape_attributes": {
					"name": "polygon",
					"all_points_x": [960, 958, 962, 964, 960],
					"all_points_y": [559, 566, 570, 564, 559]
				},
				"region_attributes": {}
			},
			"121": {
				"shape_attributes": {
					"name": "polygon",
					"all_points_x": [957, 959, 950, 950, 957],
					"all_points_y": [573, 584, 584, 579, 573]
				},
				"region_attributes": {}
			},
			"122": {
				"shape_attributes": {
					"name": "polygon",
					"all_points_x": [965, 959, 961, 966, 965],
					"all_points_y": [569, 573, 580, 581, 569]
				},
				"region_attributes": {}
			},
			"123": {
				"shape_attributes": {
					"name": "polygon",
					"all_points_x": [969, 968, 971, 972, 969],
					"all_points_y": [562, 565, 567, 565, 562]
				},
				"region_attributes": {}
			},
			"124": {
				"shape_attributes": {
					"name": "polygon",
					"all_points_x": [976, 976, 972, 976],
					"all_points_y": [568, 564, 566, 568]
				},
				"region_attributes": {}
			},
			"125": {
				"shape_attributes": {
					"name": "polygon",
					"all_points_x": [978, 980, 977, 976, 978],
					"all_points_y": [562, 566, 568, 565, 562]
				},
				"region_attributes": {}
			},
			"126": {
				"shape_attributes": {
					"name": "polygon",
					"all_points_x": [976, 973, 969, 970, 976],
					"all_points_y": [568, 577, 574, 570, 568]
				},
				"region_attributes": {}
			},
			"127": {
				"shape_attributes": {
					"name": "polygon",
					"all_points_x": [934, 934, 937, 938, 934],
					"all_points_y": [513, 519, 519, 515, 513]
				},
				"region_attributes": {}
			},
			"128": {
				"shape_attributes": {
					"name": "polygon",
					"all_points_x": [947, 948, 952, 953, 947],
					"all_points_y": [518, 523, 523, 519, 518]
				},
				"region_attributes": {}
			},
			"129": {
				"shape_attributes": {
					"name": "polygon",
					"all_points_x": [984, 983, 987, 989, 984],
					"all_points_y": [520, 525, 528, 522, 520]
				},
				"region_attributes": {}
			},
			"130": {
				"shape_attributes": {
					"name": "polygon",
					"all_points_x": [980, 976, 984, 989, 980],
					"all_points_y": [527, 533, 537, 527, 527]
				},
				"region_attributes": {}
			},
			"131": {
				"shape_attributes": {
					"name": "polygon",
					"all_points_x": [985, 992, 998, 993, 985],
					"all_points_y": [538, 544, 536, 528, 538]
				},
				"region_attributes": {}
			},
			"132": {
				"shape_attributes": {
					"name": "polygon",
					"all_points_x": [1001, 1008, 1007, 1002, 1001],
					"all_points_y": [530, 533, 539, 538, 530]
				},
				"region_attributes": {}
			},
			"133": {
				"shape_attributes": {
					"name": "polygon",
					"all_points_x": [984, 983, 988, 991, 991, 984],
					"all_points_y": [544, 549, 556, 555, 546, 544]
				},
				"region_attributes": {}
			},
			"134": {
				"shape_attributes": {
					"name": "polygon",
					"all_points_x": [993, 1001, 1007, 1001, 997, 994, 993],
					"all_points_y": [551, 549, 539, 539, 543, 543, 551]
				},
				"region_attributes": {}
			},
			"135": {
				"shape_attributes": {
					"name": "polygon",
					"all_points_x": [989, 994, 1000, 996, 993, 989],
					"all_points_y": [557, 565, 563, 558, 555, 557]
				},
				"region_attributes": {}
			},
			"136": {
				"shape_attributes": {
					"name": "polygon",
					"all_points_x": [1002, 999, 1002, 1005, 1002],
					"all_points_y": [551, 555, 560, 556, 551]
				},
				"region_attributes": {}
			},
			"137": {
				"shape_attributes": {
					"name": "polygon",
					"all_points_x": [1007, 1003, 1006, 1008, 1007],
					"all_points_y": [543, 548, 552, 549, 543]
				},
				"region_attributes": {}
			},
			"138": {
				"shape_attributes": {
					"name": "polygon",
					"all_points_x": [1015, 1011, 1013, 1017, 1015],
					"all_points_y": [551, 553, 556, 555, 551]
				},
				"region_attributes": {}
			},
			"139": {
				"shape_attributes": {
					"name": "polygon",
					"all_points_x": [985, 981, 984, 989, 985],
					"all_points_y": [593, 596, 600, 597, 593]
				},
				"region_attributes": {}
			},
			"140": {
				"shape_attributes": {
					"name": "polygon",
					"all_points_x": [979, 974, 975, 977, 981, 979],
					"all_points_y": [585, 588, 591, 593, 590, 585]
				},
				"region_attributes": {}
			},
			"141": {
				"shape_attributes": {
					"name": "polygon",
					"all_points_x": [973, 978, 982, 980, 976, 973],
					"all_points_y": [584, 583, 570, 567, 576, 584]
				},
				"region_attributes": {}
			},
			"142": {
				"shape_attributes": {
					"name": "polygon",
					"all_points_x": [984, 993, 998, 995, 987, 983, 984],
					"all_points_y": [567, 566, 569, 574, 572, 572, 567]
				},
				"region_attributes": {}
			},
			"143": {
				"shape_attributes": {
					"name": "polygon",
					"all_points_x": [986, 986, 982, 980, 986],
					"all_points_y": [575, 579, 581, 575, 575]
				},
				"region_attributes": {}
			},
			"144": {
				"shape_attributes": {
					"name": "polygon",
					"all_points_x": [1002, 1005, 1008, 1007, 1000, 996, 1002],
					"all_points_y": [564, 561, 564, 569, 569, 566, 564]
				},
				"region_attributes": {}
			},
			"145": {
				"shape_attributes": {
					"name": "polygon",
					"all_points_x": [988, 993, 997, 995, 989, 988],
					"all_points_y": [578, 575, 579, 582, 582, 578]
				},
				"region_attributes": {}
			},
			"146": {
				"shape_attributes": {
					"name": "polygon",
					"all_points_x": [983, 986, 996, 995, 987, 983],
					"all_points_y": [584, 581, 585, 591, 589, 584]
				},
				"region_attributes": {}
			},
			"147": {
				"shape_attributes": {
					"name": "polygon",
					"all_points_x": [999, 1003, 1004, 1014, 1017, 1015, 1009, 1003, 999],
					"all_points_y": [578, 575, 569, 567, 571, 577, 580, 580, 578]
				},
				"region_attributes": {}
			},
			"148": {
				"shape_attributes": {
					"name": "polygon",
					"all_points_x": [1016, 1020, 1022, 1020, 1018, 1016],
					"all_points_y": [577, 580, 577, 573, 572, 577]
				},
				"region_attributes": {}
			},
			"149": {
				"shape_attributes": {
					"name": "polygon",
					"all_points_x": [1021, 1024, 1028, 1024, 1021],
					"all_points_y": [570, 574, 572, 568, 570]
				},
				"region_attributes": {}
			},
			"150": {
				"shape_attributes": {
					"name": "polygon",
					"all_points_x": [1030, 1024, 1024, 1034, 1031, 1030],
					"all_points_y": [573, 575, 582, 583, 576, 573]
				},
				"region_attributes": {}
			},
			"151": {
				"shape_attributes": {
					"name": "polygon",
					"all_points_x": [1016, 1014, 1018, 1023, 1026, 1021, 1016],
					"all_points_y": [583, 587, 591, 591, 587, 582, 583]
				},
				"region_attributes": {}
			},
			"152": {
				"shape_attributes": {
					"name": "polygon",
					"all_points_x": [1026, 1030, 1032, 1029, 1025, 1026],
					"all_points_y": [591, 587, 590, 593, 593, 591]
				},
				"region_attributes": {}
			},
			"153": {
				"shape_attributes": {
					"name": "polygon",
					"all_points_x": [999, 1003, 1008, 1013, 1014, 1009, 1001, 999],
					"all_points_y": [585, 583, 583, 584, 588, 589, 588, 585]
				},
				"region_attributes": {}
			},
			"154": {
				"shape_attributes": {
					"name": "polygon",
					"all_points_x": [999, 998, 999, 1002, 1007, 1007, 1013, 1016, 1016, 1007, 999],
					"all_points_y": [590, 595, 599, 600, 600, 599, 598, 597, 591, 591, 590]
				},
				"region_attributes": {}
			},
			"155": {
				"shape_attributes": {
					"name": "polygon",
					"all_points_x": [1231, 1227, 1230, 1238, 1251, 1267, 1280, 1283, 1231],
					"all_points_y": [2, 9, 19, 27, 31, 24, 12, 4, 2]
				},
				"region_attributes": {}
			},
			"156": {
				"shape_attributes": {
					"name": "polygon",
					"all_points_x": [1338, 1340, 1333, 1342, 1358, 1375, 1379, 1385, 1375, 1356, 1338],
					"all_points_y": [75, 88, 105, 127, 126, 119, 102, 97, 74, 71, 75]
				},
				"region_attributes": {}
			},
			"157": {
				"shape_attributes": {
					"name": "polygon",
					"all_points_x": [1428, 1440, 1463, 1457, 1442, 1428],
					"all_points_y": [24, 39, 37, 24, 17, 24]
				},
				"region_attributes": {}
			},
			"158": {
				"shape_attributes": {
					"name": "polygon",
					"all_points_x": [1563, 1556, 1576, 1605, 1618, 1617, 1598, 1563],
					"all_points_y": [1, 23, 43, 45, 39, 26, 2, 1]
				},
				"region_attributes": {}
			}
		}
	}
}
